0.005953943377148635;0.0067203235591506575;0.006241809908998989;0.0061183518705763395;0.008669009100101112;0.013457178968655207;0.003759251769464105;0.004234024266936299;0.0033859453993933266;0.0024017189079878665;0.002417694641051567;0.0017585439838220425;0.008066177957532861;0.003020525783619818;0.00927401415571284;0.006962386248736097;0.005414812942366026;0.009898432760364005;0.008578210313447927;0.011964964610717896;0.007643629929221436;0.011324368048533873;0.014084782608695652;0.026587765419615772;0.009883720930232558;0.013619110212335693;0.007869413549039434;0.011582760364004045;0.012872851365015167;0.02520763397371082;0.008808695652173914;0.01187623862487361;0.0048519211324570275;0.007292264914054601;0.0060307381193124366;0.008049089989888776;0.003186299292214358;0.002689686552072801;0.0024767441860465114;0.0039422649140546;0.0030011122345803844;0.003918857431749242;0.008777300303336703;0.016421334681496463;0.004331041456016178;0.007182912032355915;0.008957280080889788;0.009051567239635997;0.0063233569261880685;0.0101396865520728;0.002725227502527806;0.001527654196157735;0.003934934277047523;0.0020853892821031347;0.01580540950455005;0.026910768452982813;0.011662234580384227;0.013569919110212336;0.01477659251769464;0.014577553083923155;0.005868958543983822;0.0043396865520728;0.010451466127401415;0.012083316481294237;0.009480788675429726;0.015181142568250759;0.003917037411526794;0.0032699696663296258;0.005109504550050556;0.0075499494438827095;0.006409150657229525;0.011134681496461072;0.006616329625884732;0.0027296764408493426;0.007590444893832153;0.00454453993933266;0.005448736097067745;0.007967340748230536;0.0044;0.0015331142568250759;0.003703488372093023;0.0026588473205257836;0.0014390293225480283;0.0020706774519716887;0.012713650151668351;0.006253336703741153;0.019706976744186047;0.01570546006066734;0.012472042467138523;0.021384833164812943;0.00565273003033367;0.006789130434782608;0.005119261880687564;0.00676041456016178;0.010597927199191103;0.018296157735085944;0.007451263902932255;0.008820525783619818;0.0059069767441860465;0.008487815975733063;0.011775530839231546;0.020488776541961577;0.006238624873609707;0.009656066734074823;0.003510010111223458;0.0054680485338725986;0.005098988877654196;0.005269413549039433;0.0011895348837209303;0.0011871587462082911;0.002389029322548028;0.004039585439838221;0.0019387259858442871;0.004290697674418605;0.010674165824064712;0.01379974721941355;0.008613852376137513;0.011995904954499495;0.014630384226491405;0.026271941354903943
0.006288068756319515;0.006908442871587462;0.0057952982810920125;0.004813498483316482;0.011072446916076846;0.015484681496461072;0.0023007077856420626;0.0014468655207280081;0.002254954499494439;0.00130793731041456;0.0009401415571284125;0.000688169868554095;0.006012891809908999;0.002858442871587462;0.008423154701718907;0.0066170374115267945;0.00561582406471183;0.0094422649140546;0.010604398382204247;0.01527927199191102;0.0067051061678463095;0.007111071789686552;0.019156926188068756;0.02786349848331648;0.01211582406471183;0.015553437815975733;0.006788725985844287;0.007379575328614762;0.016243326592517694;0.02370834175935288;0.012109403437815976;0.014343124368048533;0.005549089989888777;0.006726794742163802;0.006652325581395349;0.008059352881698685;0.0014143073811931244;0.0012562184024266937;0.0011760869565217392;0.0016224469160768453;0.0012300808897876643;0.0016760364004044489;0.010838473205257836;0.018306268958543984;0.0049022244691607686;0.00623680485338726;0.00775005055611729;0.008035591506572294;0.006208341759352882;0.006893528816986855;0.0027350353892821033;0.0014193124368048534;0.0021501011122345803;0.0015494944388270981;0.021820070778564207;0.027285237613751265;0.01509732052578362;0.015793427704752276;0.01375015166835187;0.015992618806875632;0.006137007077856421;0.004343124368048534;0.014081951466127401;0.015880788675429726;0.008777906976744186;0.014372901921132457;0.002305763397371082;0.002299696663296259;0.003965267947421638;0.007101365015166835;0.004263498483316482;0.007490343781597573;0.006413751263902932;0.0027393326592517696;0.007903033367037411;0.005748179979777553;0.0054214357937310415;0.007578816986855409;0.002900202224469161;0.0011146612740141556;0.0019373104145601618;0.001331294236602629;0.0011484833164812941;0.0010459049544994945;0.012648736097067745;0.007190899898887765;0.021890596562184023;0.018030080889787664;0.014048584428715875;0.023374266936299293;0.005543983822042467;0.00676830131445905;0.0042845298281092015;0.004254752275025278;0.011757280080889788;0.019005965621840242;0.008424469160768453;0.010630940343781597;0.005520728008088979;0.005031698685540951;0.016008948432760364;0.021188270980788675;0.006784580384226491;0.009345399393326593;0.003171941354903943;0.0036020222446916076;0.004820273003033367;0.003776086956521739;0.0010656218402426694;0.0009078361981799798;0.002093377148634985;0.0028625379170879677;0.0013642568250758341;0.002337411526794742;0.012306622851365015;0.015661324570273003;0.008679221435793732;0.008132457027300304;0.018171789686552073;0.02765252780586451
0.00858422649140546;0.009185995955510617;0.007283670374115268;0.005294084934277047;0.010932709807886755;0.013164357937310415;0.004723003033367037;0.005307583417593529;0.004053437815975733;0.0028683013144590497;0.0025753791708796763;0.0024957532861476237;0.007035540950455005;0.004375530839231547;0.008718554095045501;0.005530788675429727;0.007816430738119313;0.008226440849342771;0.01108442871587462;0.012309403437815976;0.009221385237613752;0.006786602628918099;0.015091405460060667;0.018690495449949444;0.011369009100101113;0.012108998988877654;0.00866046511627907;0.007434630940343781;0.013027451971688574;0.016991102123356926;0.011677451971688574;0.012099544994944388;0.007760970677451972;0.010213650151668353;0.006040444893832154;0.009805662285136501;0.003170020222446916;0.0024409504550050557;0.00422118301314459;0.005715369059656218;0.002483872598584429;0.004664762386248736;0.010015318503538928;0.011647775530839231;0.005545096056622852;0.006998584428715875;0.006598634984833165;0.009320778564206269;0.0071231041456016175;0.008635894843276036;0.0042025783619818;0.003426592517694641;0.004274418604651163;0.004186147623862487;0.018145348837209304;0.02008417593528817;0.01225010111223458;0.01258700707785642;0.009275227502527806;0.012252275025278059;0.007650910010111224;0.0063050050556117294;0.012420070778564206;0.011596916076845298;0.011941557128412538;0.015551971688574317;0.0029107684529828108;0.004180384226491405;0.00420546006066734;0.005290444893832153;0.008000657229524772;0.010330535894843276;0.007154145601617796;0.00508169868554095;0.008064206268958544;0.004692871587462083;0.007947118301314459;0.009394236602628918;0.0049148634984833165;0.0033132457027300302;0.003987259858442871;0.0020196663296258846;0.0026524772497472193;0.002113650151668352;0.011454499494438827;0.007130586450960566;0.01720783619817998;0.011268705763397372;0.012369767441860465;0.017317037411526796;0.008782153690596562;0.009327654196157735;0.007724368048533873;0.005369413549039434;0.011011830131445905;0.01653645096056623;0.01002366026289181;0.01149721941354904;0.00748154701718908;0.00587639029322548;0.012878513650151668;0.01710540950455005;0.00846071789686552;0.010870323559150658;0.005088675429726997;0.005599241658240647;0.004691253791708797;0.005222446916076845;0.0021330637007077858;0.0013869565217391304;0.004615318503538929;0.003722396359959555;0.002542366026289181;0.003904550050556117;0.011153033367037412;0.013061375126390292;0.008419009100101113;0.007034833164812943;0.012733316481294237;0.019467846309403437
0.008766582406471183;0.008143680485338726;0.009519160768452982;0.005329322548028311;0.009566683518705764;0.008404196157735086;0.004607431749241659;0.005480990899898888;0.005234479271991911;0.0027380182002022246;0.004587563195146613;0.00233690596562184;0.007682305358948433;0.00641294236602629;0.009046359959555106;0.0054518200202224466;0.008462639029322549;0.006166481294236603;0.011832052578361982;0.009186450960566228;0.014024772497472195;0.007812082912032356;0.011533367037411526;0.011207027300303337;0.011383670374115269;0.009373104145601618;0.012389585439838221;0.006983771486349848;0.00967674418604651;0.009944994944388271;0.010668705763397372;0.00834757330637007;0.008888675429726997;0.010701112234580383;0.005695753286147624;0.01062335692618807;0.005528665318503539;0.002969464105156724;0.007039585439838221;0.008279979777553084;0.003484024266936299;0.0074177451971688575;0.00984732052578362;0.0066972194135490395;0.006854095045500505;0.008859555106167847;0.005557027300303337;0.011237360970677452;0.008559858442871587;0.007008695652173913;0.006662032355915066;0.0064959049544994945;0.004620879676440849;0.008327401415571284;0.013700910010111223;0.011369059656218402;0.011614812942366026;0.012302982810920121;0.0075907987866531855;0.012752831142568252;0.008599241658240647;0.011723053589484328;0.008975429726996966;0.010788725985844287;0.014330586450960567;0.011182305358948433;0.0039746713852376134;0.008704145601617795;0.0037811425682507584;0.0067659251769464105;0.01118139534883721;0.008927603640040445;0.0075603134479272;0.01028442871587462;0.0058981294236602625;0.006279575328614762;0.011236400404448938;0.007358341759352882;0.005239939332659252;0.007087158746208291;0.003931900910010111;0.003480333670374115;0.005951820020222447;0.003245803842264914;0.009182305358948433;0.010593478260869565;0.009213852376137513;0.009555510616784632;0.013667542972699696;0.012035035389282103;0.010641102123356927;0.009287563195146613;0.012075733063700708;0.006279474216380182;0.011001263902932254;0.00998129423660263;0.01245520728008089;0.01002871587462083;0.014433114256825075;0.00798958543983822;0.011009100101112234;0.010028058645096056;0.010700859453993933;0.00822376137512639;0.008856622851365015;0.007340748230535894;0.006277856420626896;0.005475581395348837;0.003716885743174924;0.002512082912032356;0.006336248736097068;0.004222042467138524;0.002552275025278059;0.003705965621840243;0.011688725985844287;0.010211880687563195;0.012125278058645095;0.007546107178968655;0.009342669362992922;0.010229524772497472
0.009843023255813953;0.008887360970677452;0.01144211324570273;0.004090091001011122;0.009225278058645096;0.008088725985844288;0.0057155712841253795;0.006598736097067745;0.004658897876643074;0.0013635490394337715;0.003628715874620829;0.0012455005055611729;0.008304196157735085;0.005886349848331648;0.010695551061678464;0.0043196663296258845;0.008419565217391305;0.005589585439838221;0.012962588473205259;0.009796713852376137;0.016085995955510617;0.005572143579373104;0.011143478260869566;0.011371385237613751;0.012721789686552073;0.010337563195146613;0.01510242669362993;0.0052766936299292215;0.010112689585439838;0.010493629929221435;0.010592719919110212;0.008125733063700707;0.00792082912032356;0.013956723963599595;0.004212487360970678;0.012139888776541962;0.004737259858442871;0.0016024772497472194;0.006800910010111224;0.010169312436804854;0.0015704246713852377;0.005441911021233569;0.009528564206268958;0.006556825075834176;0.005562133468149646;0.01056572295247725;0.003807583417593529;0.012491051567239637;0.009037714863498483;0.007725176946410515;0.005732861476238625;0.006282861476238625;0.0032074823053589484;0.007207077856420627;0.014491708796764409;0.01225510616784631;0.010252982810920122;0.014594135490394337;0.005980839231547018;0.013671183013144591;0.007372194135490394;0.012084529828109201;0.007707077856420627;0.010793731041456017;0.018525480283114258;0.013638978766430738;0.002196056622851365;0.00826294236602629;0.002408442871587462;0.00478174924165824;0.0133051567239636;0.009459605662285136;0.0079685540950455;0.008300707785642063;0.00569216380182002;0.003979929221435793;0.012838018200202224;0.007180384226491405;0.005027755308392315;0.006868907987866532;0.002954701718907988;0.0016769969666329625;0.00613427704752275;0.0018861981799797776;0.007834074823053589;0.009498483316481295;0.009425682507583417;0.008992922143579373;0.01572118301314459;0.013003640040444894;0.012512082912032357;0.0105551567239636;0.015096511627906976;0.004605712841253792;0.011456926188068756;0.00972613751263903;0.014761577350859454;0.010549696663296259;0.01650803842264914;0.005154246713852376;0.011550252780586452;0.009529929221435795;0.011722345803842266;0.00888412537917088;0.0078974216380182;0.0072711324570273;0.004545601617795754;0.004584125379170879;0.003776845298281092;0.0014820020222446916;0.007495045500505561;0.002974519716885743;0.0016982810920121334;0.0026994438827098077;0.012788776541961578;0.01075510616784631;0.013449191102123358;0.005420778564206269;0.009554246713852375;0.010272952477249747
0.008793225480283114;0.010462790697674418;0.004583720930232558;0.005462386248736097;0.014464661274014155;0.020106268958543984;0.0037890293225480284;0.0028080384226491406;0.0034971688574317495;0.0018182002022244692;0.0008690596562184025;0.0008273508594539939;0.00619464105156724;0.0028138523761375126;0.008869160768452983;0.005782052578361982;0.007477755308392315;0.010919009100101112;0.008774519716885743;0.01548427704752275;0.0035228008088978766;0.004725126390293225;0.019714914054600605;0.022972194135490395;0.012142264914054601;0.015777098078867544;0.004009251769464105;0.005797724974721941;0.018783265925176946;0.023295500505561173;0.014348382204246713;0.017592871587462082;0.007113498483316482;0.00516051567239636;0.00802335692618807;0.006714459049544995;0.0010975733063700707;0.001124974721941355;0.0020945904954499496;0.0017467138523761376;0.001508948432760364;0.0012383720930232557;0.009012689585439838;0.015571587462082911;0.004468857431749242;0.004149443882709808;0.006546359959555106;0.004983265925176946;0.007376541961577351;0.0062599595551061675;0.0030624873609706774;0.001215015166835187;0.001491860465116279;0.0008380687563195147;0.022264964610717898;0.023732810920121333;0.014119615773508594;0.013285844287158746;0.014325985844287159;0.015638321536905964;0.008702123356926187;0.0028475733063700708;0.01741314459049545;0.014078816986855409;0.005806774519716886;0.01487355915065723;0.0018691607684529828;0.0010501516683518706;0.005099544994944388;0.007145348837209302;0.003129120323559151;0.009154550050556117;0.0039677957532861475;0.0016705763397371082;0.0066275025278058645;0.0071104651162790695;0.0032134984833164814;0.007946814964610718;0.0018652173913043478;0.0008725480283114257;0.0033839737108190093;0.00241582406471183;0.0007449949443882709;0.0008552578361981799;0.011556218402426694;0.006069919110212336;0.02176243680485339;0.019292821031344793;0.010907027300303337;0.024035389282103133;0.005580738119312437;0.011102224469160768;0.0031659757330637006;0.003996562184024267;0.011946511627906976;0.019792871587462083;0.005479726996966633;0.013247168857431749;0.0027263902932254803;0.0042651668351870575;0.015361172901921133;0.02209686552072801;0.005261830131445905;0.014079575328614763;0.002759959555106168;0.0034487866531850353;0.006378715874620829;0.0048185540950455;0.0008190091001011123;0.0007064711830131446;0.002286602628918099;0.0031193124368048535;0.0025753791708796763;0.0053448432760364005;0.011291051567239635;0.02121309403437816;0.005840596562184024;0.006954550050556117;0.018432507583417593;0.029794388270980788
0.007973205257836197;0.008752982810920122;0.00479479271991911;0.005271840242669363;0.011165419615773508;0.0165185540950455;0.0035119817997977757;0.003546309403437816;0.0033173913043478263;0.002618756319514661;0.0018407987866531851;0.0018232558139534883;0.0059888270980788675;0.0027271486349848334;0.007615874620829121;0.005291001011122346;0.005371233569261881;0.00932598584428716;0.009377957532861476;0.014740849342770476;0.004430182002022245;0.007467694641051567;0.016272345803842264;0.02544186046511628;0.010885439838220424;0.01474479271991911;0.005412234580384226;0.008595854398382204;0.014094236602628919;0.02336814964610718;0.011471587462082912;0.015856521739130436;0.0064245197168857435;0.00782623862487361;0.007745601617795753;0.0069767947421638015;0.0026842264914054602;0.00257896865520728;0.0017024266936299293;0.0018010111223458038;0.002633468149646107;0.0017632457027300303;0.008772396359959555;0.017216430738119314;0.005331092012133468;0.00534206268958544;0.00810798786653185;0.005154246713852376;0.005841607684529828;0.009017593528816988;0.003260010111223458;0.0017824570273003034;0.004232406471183013;0.001723154701718908;0.016764357937310414;0.025776541961577353;0.013547269969666329;0.014791506572295247;0.014950808897876642;0.012841203235591507;0.007231294236602629;0.003455763397371082;0.015105055611729019;0.014330333670374115;0.006078665318503539;0.01739408493427705;0.003531850353892821;0.0014038928210313448;0.005766279069767442;0.0060375631951466125;0.0022087462082912034;0.007297623862487361;0.007553690596562184;0.0024542972699696662;0.008580434782608696;0.006048887765419616;0.004514812942366026;0.009054246713852377;0.003398938321536906;0.0014743680485338727;0.003949140546006067;0.0028084934277047523;0.001107381193124368;0.0015215369059656217;0.012691911021233569;0.005271840242669363;0.02126026289180991;0.015629676440849342;0.010404802831142567;0.02464969666329626;0.005518958543983822;0.008196814964610718;0.0027843276036400404;0.004172952477249747;0.011339737108190091;0.0218474216380182;0.008011122345803843;0.0129262891809909;0.0033892315470171893;0.004993023255813953;0.015205460060667341;0.022929474216380183;0.006027249747219413;0.011272446916076845;0.0036789686552072803;0.005001415571284125;0.005584580384226491;0.003985439838220425;0.0009859959555106167;0.0009935793731041455;0.0019292719919110212;0.0035801314459049543;0.0025354398382204245;0.004646814964610718;0.012088068756319514;0.016472396359959555;0.005511779575328615;0.00822108190091001;0.016666329625884733;0.03108392315470172
0.015176339737108191;0.012917947421638019;0.009803286147623862;0.005350303336703741;0.013552932254802832;0.012432507583417594;0.006521587462082912;0.006264459049544995;0.0032643579373104145;0.0020698685540950453;0.002538624873609707;0.0016808392315470172;0.008968655207280081;0.003916835187057634;0.007653892821031345;0.004171688574317493;0.006706976744186047;0.007207381193124368;0.012580586450960567;0.012978816986855409;0.00648422649140546;0.005889130434782609;0.013997623862487362;0.014484833164812942;0.017446612740141556;0.014627704752275025;0.008928008088978766;0.006857280080889787;0.015129524772497472;0.01689459049544995;0.01279969666329626;0.010321536905965621;0.006796309403437816;0.009685237613751264;0.004847876643073812;0.007663498483316481;0.0025715369059656217;0.0022712841253791707;0.0024408998988877653;0.002939989888776542;0.00218948432760364;0.003004752275025278;0.0075383720930232555;0.009843478260869565;0.0040427704752275025;0.006316279069767442;0.005144641051567239;0.007804044489383215;0.010758594539939333;0.01035500505561173;0.0035054095045500507;0.0015858442871587463;0.003272143579373104;0.0014898382204246714;0.02006875631951466;0.017129828109201214;0.010602275025278059;0.012312689585439839;0.007359453993933266;0.011243124368048535;0.0063506066734074825;0.003387462082912032;0.009871486349848331;0.012355662285136501;0.010151112234580385;0.01898943377148635;0.0024449443882709806;0.0017462588473205257;0.0034231041456016177;0.005931395348837209;0.005925631951466127;0.013715065722952478;0.007303286147623863;0.002157381193124368;0.007752123356926188;0.004313498483316481;0.003960212335692619;0.006698938321536906;0.004629474216380182;0.0013215369059656219;0.004433013144590495;0.0031782103134479272;0.0010908493427704753;0.001819767441860465;0.010061729019211325;0.004101263902932255;0.013574317492416582;0.011211526794742164;0.011179878665318504;0.020540849342770475;0.008471536905965622;0.010660970677451972;0.004704651162790697;0.007132254802831143;0.0164077350859454;0.02300030333670374;0.008896258847320525;0.010546612740141558;0.00505546006066734;0.006799544994944388;0.013056117290192112;0.018604044489383215;0.005663498483316481;0.009830485338725986;0.003345197168857432;0.005650353892821031;0.005432457027300303;0.008375834175935288;0.001667391304347826;0.001969413549039434;0.0022666835187057635;0.004061981799797776;0.0048225985844287155;0.00874479271991911;0.013936703741152679;0.01746324570273003;0.007706521739130435;0.011638068756319515;0.01801243680485339;0.02805475227502528
0.014001314459049546;0.010584630940343781;0.008381395348837209;0.0035709807886754297;0.012863700707785641;0.008032709807886755;0.004222901921132457;0.0035356420626895856;0.0033541456016177957;0.0014635490394337715;0.0019458543983822043;0.0008440343781597573;0.005037967644084935;0.006660262891809909;0.006128210313447928;0.003662082912032356;0.010775581395348836;0.004846511627906977;0.01965758341759353;0.01377881698685541;0.011225530839231546;0.004196713852376138;0.01781061678463094;0.009228665318503538;0.018461931243680486;0.011920424671385238;0.010046208291203236;0.004074317492416582;0.013290242669362993;0.00800293225480283;0.015532305358948433;0.008762841253791709;0.013007532861476238;0.015268099089989889;0.005701263902932255;0.01057138523761375;0.0027341253791708796;0.0012877654196157735;0.0045593528816986854;0.005453488372093023;0.0013008088978766431;0.0030737108190091;0.012559352881698686;0.005904600606673407;0.009117997977755308;0.009896916076845298;0.003473104145601618;0.007327654196157735;0.005688776541961578;0.0031465116279069767;0.007108341759352882;0.00669474216380182;0.002670525783619818;0.005296663296258847;0.019056825075834175;0.009607583417593529;0.018437108190091003;0.021374368048533873;0.006223053589484328;0.012564105156723964;0.01007593528816987;0.014927350859453995;0.011552224469160769;0.014350303336703741;0.018182760364004045;0.01267644084934277;0.0017904954499494438;0.004701769464105157;0.0021400910010111224;0.003602325581395349;0.007103690596562184;0.0050653185035389285;0.005454802831142568;0.01006061678463094;0.004940141557128412;0.0055692618806875635;0.015389029322548028;0.007611981799797775;0.0021359959555106167;0.0036663801820020223;0.0012432760364004044;0.0009979271991911022;0.0030284630940343783;0.0011767441860465117;0.008606370070778564;0.013887310414560162;0.009157178968655207;0.011627553083923155;0.02115783619817998;0.014059858442871588;0.013894186046511627;0.010614155712841253;0.008789029322548029;0.0027614762386248735;0.013301718907987866;0.008745197168857431;0.01941582406471183;0.013927249747219414;0.01069464105156724;0.0033575328614762387;0.017970980788675428;0.008954297269969666;0.01260010111223458;0.0070098078867542974;0.007579676440849343;0.005126845298281092;0.0034902426693629927;0.0026608695652173913;0.0015262891809909;0.0006766936299292214;0.0032206268958543983;0.0017646612740141558;0.0006848837209302326;0.0010427704752275025;0.01995510616784631;0.012179777553083923;0.010795399393326592;0.0037964105156723963;0.01301830131445905;0.009499443882709808
0.007744337714863499;0.008973356926188069;0.00624459049544995;0.00573422649140546;0.012905763397371081;0.01726112234580384;0.0029469666329625887;0.0017812436804853387;0.0020900910010111223;0.0012693629929221436;0.0010987866531850354;0.0008567745197168858;0.008350353892821032;0.00267103134479272;0.008756167846309403;0.005811526794742164;0.00581036400404449;0.009108543983822043;0.010404802831142567;0.016240546006066735;0.006003387259858443;0.006904853387259859;0.018524974721941354;0.023580030333670374;0.012547017189079879;0.016462335692618808;0.005805915065722952;0.006881850353892821;0.016879625884732054;0.021225581395348837;0.01262613751263903;0.015284782608695651;0.00600788675429727;0.008096157735085945;0.007896562184024267;0.008968958543983822;0.0015677451971688574;0.0013276036400404448;0.001091809908998989;0.0019198179979777552;0.0014940343781597574;0.0019115267947421638;0.009480384226491405;0.015737563195146614;0.004577957532861476;0.0066049544994944386;0.007555460060667341;0.006942618806875632;0.007636097067745197;0.007246410515672396;0.0025808897876643073;0.0013024266936299293;0.002370273003033367;0.0011565217391304348;0.020290546006066734;0.022851516683518706;0.013416228513650152;0.015968907987866533;0.013823407482305358;0.014281243680485339;0.00709201213346815;0.003829271991911021;0.014884732052578361;0.015875733063700707;0.008995298281092011;0.018359100101112233;0.0029883720930232558;0.002046056622851365;0.004449089989888777;0.006314762386248736;0.00392891809908999;0.008675530839231548;0.005783923154701719;0.0021716380182002022;0.007979120323559151;0.005902982810920121;0.004792972699696663;0.00891567239635996;0.003490798786653185;0.0010306875631951465;0.0024309403437815977;0.0012449443882709807;0.0010099595551061678;0.001224974721941355;0.011922143579373105;0.005769919110212336;0.019351466127401417;0.015269868554095045;0.012345955510616785;0.023414964610717896;0.005671385237613751;0.008972649140546006;0.004154196157735086;0.00538412537917088;0.01278690596562184;0.02092659251769464;0.007595601617795753;0.012465419615773509;0.004935540950455005;0.006249544994944388;0.015495652173913044;0.021535793731041458;0.0053349342770475225;0.010456976744186046;0.002240748230535895;0.004064863498483316;0.005287512639029323;0.004793478260869565;0.0010985844287158745;0.0010275025278058646;0.0018596056622851365;0.0030874620829120323;0.001789737108190091;0.0025168857431749243;0.0111737108190091;0.017241102123356927;0.007251263902932255;0.008153134479271991;0.017299039433771486;0.02476627906976744
0.011218149646107178;0.008980232558139534;0.010211830131445904;0.00370267947421638;0.011226895854398383;0.01031582406471183;0.003994590495449949;0.0031327603640040444;0.0027283619817997976;0.001091809908998989;0.0018419615773508594;0.0005749241658240648;0.006829221435793731;0.0043243680485338725;0.008009706774519718;0.00400520728008089;0.009289130434782609;0.00717108190091001;0.01630975733063701;0.012888776541961577;0.0114525783619818;0.003929423660262892;0.015996107178968655;0.014794489383215368;0.017290091001011122;0.012974721941354904;0.011077957532861477;0.003950859453993933;0.013290394337714864;0.012621688574317492;0.01387633973710819;0.009921284125379171;0.00881562184024267;0.013269969666329626;0.004784529828109201;0.012090950455005056;0.0027422649140546006;0.0008400404448938322;0.003391557128412538;0.004924721941354904;0.0008931243680485338;0.00262623862487361;0.01146845298281092;0.00879737108190091;0.005567492416582407;0.009615166835187058;0.004058341759352882;0.010493781597573306;0.008120424671385238;0.005251718907987866;0.005198078867542972;0.004810161779575328;0.002367896865520728;0.0038019211324570273;0.020808543983822043;0.014503892821031344;0.014403943377148634;0.017998786653185037;0.006740697674418605;0.014242315470171891;0.00751051567239636;0.0108922649140546;0.010480990899898887;0.013298179979777553;0.018204550050556118;0.014176137512639029;0.0015459555106167846;0.00426051567239636;0.002056370070778564;0.004416936299292214;0.009455965621840243;0.007528361981799798;0.006781395348837209;0.006872194135490394;0.0062583923154701715;0.004427199191102123;0.012132305358948433;0.007103640040444894;0.003485035389282103;0.0037332153690596563;0.001912335692618807;0.0010061172901921133;0.002939737108190091;0.0009575328614762386;0.009591607684529829;0.009664105156723963;0.012996208291203236;0.011775480283114257;0.018275379170879676;0.017011526794742163;0.012151011122345803;0.009069059656218402;0.01067901921132457;0.0036967138523761375;0.012682709807886754;0.012028463094034379;0.01708427704752275;0.011830586450960566;0.012272750252780587;0.0037816481294236605;0.015166279069767441;0.012463650151668351;0.010541203235591507;0.007545803842264914;0.005214155712841254;0.005358897876643074;0.0037506572295247726;0.004183518705763397;0.002766076845298281;0.0007320020222446916;0.004501718907987866;0.0021408998988877654;0.0015145096056622851;0.002166531850353893;0.016464307381193123;0.013167189079878665;0.012213599595551062;0.0044848331648129425;0.01360783619817998;0.014338725985844286
0.01396324570273003;0.011955662285136502;0.008366531850353893;0.005771385237613751;0.011440343781597574;0.008624721941354904;0.009164459049544995;0.007618705763397371;0.007136754297269969;0.004459201213346815;0.00546577350859454;0.003601162790697674;0.007452123356926188;0.007524620829120324;0.006341557128412538;0.00416582406471183;0.008191557128412538;0.004974266936299292;0.015402831142568251;0.012129423660262892;0.01015546006066734;0.0042845298281092015;0.01183690596562184;0.006636349848331648;0.016169312436804854;0.011638523761375126;0.01016865520728008;0.0055562184024266935;0.01083953488372093;0.00727896865520728;0.011807684529828109;0.008604752275025279;0.011493579373104145;0.014215672396359959;0.007307987866531851;0.009599747219413549;0.005632810920121334;0.003687664307381193;0.008070222446916077;0.009056066734074823;0.002871334681496461;0.004876996966632963;0.00989732052578362;0.00568958543983822;0.00826026289180991;0.00864979777553084;0.0035661779575328614;0.005545854398382204;0.009678361981799798;0.005523205257836198;0.007058897876643074;0.007500556117290192;0.00366577350859454;0.0058298786653185036;0.01353705763397371;0.008425025278058645;0.011767391304347827;0.014555864509605661;0.005796612740141557;0.009543023255813953;0.008522952477249747;0.010251314459049546;0.009870323559150657;0.012612386248736097;0.014123356926188069;0.01528680485338726;0.0027380182002022246;0.004509605662285136;0.003680232558139535;0.005702831142568251;0.008477502527805865;0.008682810920121334;0.006690596562184024;0.008469716885743175;0.005598078867542973;0.0058965116279069765;0.010304752275025277;0.007229271991911021;0.004098988877654196;0.005039282103134479;0.0037490899898887766;0.0037041456016177958;0.004059858442871588;0.002147674418604651;0.007543983822042467;0.008824368048533872;0.00790495449949444;0.009250303336703741;0.014280738119312436;0.012390293225480284;0.014751213346814965;0.01212912032355915;0.008637765419615773;0.003215318503538928;0.014705561172901921;0.011727199191102123;0.01564236602628918;0.01462639029322548;0.009091405460060667;0.0032722446916076844;0.014374924165824065;0.008513599595551062;0.010543933265925176;0.008261729019211324;0.00932087967644085;0.007580687563195147;0.005441456016177957;0.003536653185035389;0.004130687563195147;0.0022590495449949445;0.00521577350859454;0.0038792719919110213;0.003388422649140546;0.004035540950455005;0.018006420626895853;0.012840697674418604;0.010452173913043478;0.004402881698685541;0.01341304347826087;0.010933063700707785
0.015737765419615773;0.015172345803842266;0.01036026289180991;0.005041051567239636;0.011075733063700707;0.009111223458038423;0.007402173913043478;0.008512335692618807;0.003910212335692618;0.0017063700707785642;0.002829221435793731;0.0012732558139534884;0.005029120323559151;0.008401365015166836;0.005493629929221436;0.0022213852376137514;0.011080485338725986;0.0033972194135490396;0.017684782608695652;0.01441274014155713;0.011221233569261881;0.0026464610717896867;0.00965510616784631;0.004553690596562184;0.014739231547017189;0.011711779575328615;0.008795146612740142;0.0026996966632962588;0.007587613751263903;0.004408897876643073;0.012235540950455004;0.008911678463094035;0.015956370070778565;0.021535338725985845;0.007092517694641052;0.015185743174924165;0.0027749241658240648;0.0011209807886754298;0.009128058645096056;0.011806370070778564;0.0010726996966632962;0.0038915065722952475;0.007651314459049545;0.0025421132457027302;0.009987815975733064;0.01121820020222447;0.001946359959555106;0.006446663296258847;0.0057449443882709806;0.002587613751263903;0.008831951466127402;0.010092972699696664;0.0019186046511627908;0.007058139534883721;0.008931951466127401;0.004512335692618807;0.012896865520728008;0.018370475227502528;0.002833468149646107;0.009317593528816987;0.011198887765419616;0.01864732052578362;0.009982760364004044;0.013513700707785643;0.021401263902932254;0.02087350859453994;0.0012019716885743174;0.005650606673407482;0.0013930232558139535;0.002919261880687563;0.0104577350859454;0.009864357937310414;0.004067492416582406;0.01241056622851365;0.0032979777553083923;0.004542618806875632;0.018649342770475228;0.011838675429726997;0.001994994944388271;0.006264914054600607;0.001280788675429727;0.001781850353892821;0.004637209302325581;0.0011050556117290192;0.0041869565217391306;0.01018412537917088;0.0035378159757330635;0.0057549544994944385;0.01679797775530839;0.012254095045500506;0.018369464105156726;0.018427856420626897;0.012137512639029322;0.003967542972699697;0.01178139534883721;0.010259352881698686;0.02027927199191102;0.019111880687563195;0.0134422649140546;0.004071739130434782;0.013684732052578362;0.009046461071789686;0.01172098078867543;0.009308948432760363;0.009674620829120323;0.009250960566228515;0.0036690091001011123;0.0032085945399393328;0.0026004550050556115;0.0010408493427704751;0.00464206268958544;0.002209504550050556;0.001659706774519717;0.0020161779575328617;0.014791456016177958;0.011255965621840242;0.009004903943377149;0.003282103134479272;0.006714863498483317;0.006204903943377148
0.007992568250758341;0.009059807886754298;0.004232103134479272;0.00446582406471183;0.010508088978766431;0.020048331648129424;0.0017288169868554094;0.001128412537917088;0.00156582406471183;0.001292366026289181;0.00046051567239635994;0.0006268958543983822;0.005417087967644085;0.001808442871587462;0.006548584428715875;0.005678665318503539;0.004632558139534884;0.010234529828109202;0.009688624873609707;0.01774464105156724;0.003693073811931244;0.005756117290192113;0.016461274014155713;0.03334752275025278;0.011267593528816986;0.01684448938321537;0.0035006066734074824;0.006382305358948433;0.013183114256825076;0.02735444893832154;0.011783619817997977;0.018985085945399393;0.006573154701718908;0.008698281092012133;0.007896006066734075;0.008082558139534884;0.0005628412537917088;0.0008080889787664307;0.0007889282103134479;0.0013419615773508594;0.001111577350859454;0.0008616279069767442;0.008590596562184024;0.020471587462082913;0.005112436804853388;0.0051762891809909;0.008133063700707786;0.0049956016177957535;0.005456976744186047;0.008843276036400404;0.002614459049544995;0.0011358948432760364;0.00198675429726997;0.0006045500505561173;0.01680045500505561;0.029408392315470173;0.015527249747219413;0.016380131445904954;0.015961577350859454;0.01364994944388271;0.007648028311425682;0.0029357431749241656;0.017611324570273004;0.016770677451971687;0.007491405460060667;0.019463902932254803;0.0018640040444893831;0.0004551061678463094;0.004977199191102124;0.005192416582406471;0.002134529828109201;0.006657077856420627;0.008459757330637007;0.0019912537917087967;0.009251162790697674;0.00645262891809909;0.0055053083923154705;0.009639939332659251;0.0024619817997977756;0.0005200707785642062;0.0014535894843276036;0.0008759858442871588;0.00043533872598584426;0.0003987360970677452;0.012830131445904955;0.004674418604651163;0.023945197168857433;0.016620070778564207;0.010840394337714863;0.02618220424671385;0.005519817997977755;0.008248938321536906;0.0030169868554095047;0.0032185035389282104;0.010681749241658241;0.024412487360970677;0.009561880687563196;0.01432891809908999;0.003918200202224469;0.0037408493427704753;0.015499595551061679;0.025779069767441862;0.006117694641051568;0.011031193124368049;0.003111627906976744;0.003764661274014156;0.004258442871587462;0.0025895854398382202;0.0003966127401415571;0.00023159757330637007;0.0015753286147623862;0.00227108190091001;0.0006408998988877654;0.002089989888776542;0.01067325581395349;0.016227553083923155;0.0053642568250758344;0.00655525783619818;0.014083569261880688;0.034354600606673405
0.057571890798786655;0.015028311425682507;0.009911981799797775;0.006168958543983822;0.013905915065722953;0.013695197168857432;0.00907659251769464;0.00567613751263903;0.005021739130434783;0.005195551061678463;0.001700505561172902;0.0016929221435793731;0.004910768452982811;0.005143528816986855;0.0053239130434782605;0.005386501516683519;0.00922335692618807;0.0077087462082912036;0.012973053589484328;0.013861931243680485;0.004679524772497472;0.0023014661274014156;0.012969059656218402;0.010292517694641052;0.019664256825075836;0.014369160768452982;0.006166632962588473;0.004326693629929221;0.012919565217391304;0.011311071789686553;0.016030434782608696;0.012571991911021234;0.0121288675429727;0.012646814964610719;0.007716835187057634;0.00870273003033367;0.0016351365015166836;0.002811274014155713;0.0034604145601617796;0.005214711830131446;0.0022506572295247725;0.0011759858442871587;0.009769767441860465;0.008783114256825077;0.006085187057633974;0.004852527805864509;0.004250252780586451;0.002384681496461072;0.008387310414560162;0.005013902932254803;0.0053249241658240645;0.004637765419615774;0.001740040444893832;0.001798129423660263;0.01657396359959555;0.010611476238624873;0.015338523761375126;0.015232861476238625;0.007739383215369059;0.009898028311425682;0.007566784630940343;0.008270323559150658;0.014053488372093022;0.014432709807886754;0.011779170879676441;0.013203538928210313;0.0018085945399393326;0.001374772497472194;0.004675631951466128;0.005136754297269969;0.0048949443882709805;0.005128109201213347;0.0033707280080889786;0.0042457027300303336;0.0052137512639029325;0.006355712841253792;0.00798458038422649;0.006769514661274014;0.0017763902932254802;0.0024238624873609707;0.0035198179979777553;0.005267441860465116;0.0015457532861476238;0.0012356926188068756;0.007247168857431749;0.008821385237613751;0.011670424671385238;0.013519666329625885;0.014610566228513651;0.014252123356926188;0.013022295247724974;0.010996562184024268;0.0051964610717896865;0.0028226491405460062;0.013387815975733063;0.012687917087967644;0.018502022244691607;0.014374671385237613;0.005498786653185035;0.002482810920121335;0.015317189079878665;0.01131304347826087;0.0082525783619818;0.008309858442871588;0.004802426693629929;0.005063953488372093;0.004279474216380182;0.0026299292214357938;0.0018585945399393327;0.0014214357937310414;0.0033780080889787662;0.0034159251769464104;0.005232052578361982;0.00461314459049545;0.020971638018200203;0.013953640040444894;0.007913650151668353;0.0032895854398382204;0.01605288169868554;0.013858746208291204
0.012080232558139534;0.010601617795753287;0.009249696663296258;0.004152730030333671;0.010733114256825075;0.007692315470171891;0.006721183013144591;0.00688953488372093;0.004740697674418605;0.002198432760364004;0.003716329625884732;0.0017140546006066733;0.006907077856420627;0.008170121334681497;0.0075467644084934275;0.003515520728008089;0.009708948432760364;0.004770273003033367;0.015667239635995957;0.011703741152679473;0.014167593528816988;0.004747876643073812;0.012777350859453994;0.008334529828109201;0.014398988877654196;0.010745197168857431;0.01157118301314459;0.004454600606673407;0.010061274014155713;0.007490849342770475;0.011835035389282104;0.007933063700707786;0.012200910010111223;0.015024418604651162;0.005532659251769464;0.011474418604651163;0.00439196157735086;0.0018186046511627907;0.008582709807886755;0.010359403437815976;0.002069261880687563;0.005265267947421638;0.009427098078867543;0.004903134479271992;0.008917441860465116;0.011288422649140546;0.0034668857431749242;0.00929504550050556;0.00658685540950455;0.004471486349848332;0.008403488372093024;0.009651162790697674;0.0033525278058645098;0.00849191102123357;0.012664459049544994;0.008429069767441861;0.013769666329625885;0.016948230535894844;0.004898432760364004;0.012567492416582407;0.008432254802831142;0.014171536905965622;0.009059150657229524;0.012080485338725987;0.015695904954499493;0.014503589484327603;0.002105763397371082;0.0065624368048533875;0.002109555106167846;0.004480940343781598;0.010398533872598585;0.009593174924165825;0.0055383215369059656;0.011377906976744186;0.0042682507583417595;0.0056526794742163804;0.014797219413549039;0.009275429726996966;0.0035216380182002023;0.007616177957532861;0.002389282103134479;0.001955611729019211;0.005908796764408493;0.001851314459049545;0.0066348331648129425;0.011975176946410516;0.00675788675429727;0.008735540950455005;0.016442922143579373;0.013799342770475228;0.01342639029322548;0.011319059656218402;0.010929575328614763;0.003246258847320526;0.011443023255813953;0.009733720930232559;0.016221233569261882;0.012920728008088979;0.013459100101112235;0.0038598584428715874;0.014286198179979778;0.008920576339737108;0.011985035389282103;0.008549342770475227;0.009449191102123358;0.006266076845298281;0.00469747219413549;0.0034943882709807888;0.0034899393326592518;0.0013862487360970677;0.005756926188068757;0.002531799797775531;0.001635540950455005;0.0022387259858442873;0.014501213346814965;0.01064747219413549;0.01121870576339737;0.004449494438827098;0.00954737108190091;0.009448078867542972
0.011384782608695652;0.008955611729019212;0.008119009100101111;0.003244944388270981;0.011788018200202224;0.008446562184024268;0.004283265925176946;0.004092366026289181;0.0033982810920121335;0.0013117290192113246;0.002056825075834176;0.0007361981799797776;0.007732052578361982;0.00528427704752275;0.007806319514661274;0.003637108190091001;0.009049747219413548;0.005242517694641052;0.017366734074823052;0.012538220424671386;0.012248786653185035;0.0050669362992922145;0.018788776541961576;0.012777805864509606;0.017524620829120322;0.012348988877654196;0.012263599595551062;0.005308543983822043;0.01521809908998989;0.011873104145601618;0.013491152679474216;0.008848483316481295;0.008748179979777553;0.012374469160768453;0.004667087967644085;0.00945551061678463;0.002480839231547017;0.0010260364004044489;0.004158998988877654;0.005721840242669363;0.0010844287158746208;0.0031445904954499494;0.014183872598584429;0.007800859453993933;0.0072711324570273;0.009594034378159757;0.0036406471183013144;0.008909555106167847;0.00888129423660263;0.006206572295247725;0.005296208291203235;0.004601971688574317;0.002492922143579373;0.004520323559150657;0.02156294236602629;0.014073104145601617;0.015248634984833165;0.020340242669362994;0.005989180990899899;0.01433700707785642;0.007965065722952478;0.009674570273003034;0.01017633973710819;0.013961627906976744;0.015651567239635997;0.014211375126390292;0.0013643073811931243;0.0032960060667340746;0.001832608695652174;0.0042467644084934275;0.00825788675429727;0.007987360970677452;0.007295753286147624;0.006683923154701719;0.005816582406471183;0.004741456016177957;0.010949393326592517;0.00618149646107179;0.0028543983822042467;0.0033054600606673406;0.001659706774519717;0.001033164812942366;0.0021672901921132456;0.0007424671385237614;0.010127350859453994;0.011246258847320527;0.011432153690596563;0.012291354903943378;0.020456268958543983;0.01612052578361982;0.011243276036400405;0.009182558139534884;0.008718099089989889;0.002747826086956522;0.015237613751263902;0.012341557128412537;0.014864105156723964;0.012241860465116279;0.010125126390293225;0.003310010111223458;0.017580889787664308;0.01125025278058645;0.011432912032355915;0.007494084934277048;0.006579929221435793;0.005183619817997978;0.0037680485338725984;0.0028656723963599597;0.0016580384226491406;0.00048094034378159755;0.0040548028311425685;0.001959555106167846;0.0008008088978766431;0.0015551567239635996;0.018994236602628917;0.01275798786653185;0.012793731041456017;0.004995854398382204;0.01563736097067745;0.014367644084934277
0.008330384226491405;0.00776572295247725;0.004820374115267948;0.004989989888776542;0.010810262891809908;0.012579120323559151;0.0030538422649140544;0.003272649140546006;0.0024903943377148634;0.0027958543983822044;0.0014360970677451972;0.0025788675429726997;0.009498887765419616;0.0025226996966632963;0.007907431749241658;0.00476572295247725;0.0058356926188068755;0.007953892821031344;0.010762335692618807;0.012563700707785641;0.005562285136501517;0.009759150657229525;0.015690343781597574;0.021491506572295246;0.013390697674418604;0.013618099089989889;0.006573205257836198;0.01103933265925177;0.016307178968655207;0.023050859453993933;0.01166562184024267;0.012420020222446915;0.00419201213346815;0.0062808392315470175;0.004691354903943377;0.006733771486349848;0.0014646612740141557;0.002196916076845298;0.0012967644084934276;0.0025638523761375128;0.0029096056622851365;0.004058240647118301;0.009622699696663297;0.014380839231547017;0.0038308897876643076;0.005853791708796764;0.006614863498483317;0.008256167846309403;0.009688270980788675;0.013759100101112235;0.0024296764408493427;0.0011231041456016178;0.002864762386248736;0.0010702224469160769;0.02161835187057634;0.026695298281092013;0.01090808897876643;0.013729777553083923;0.00934453993933266;0.013830485338725986;0.007554246713852376;0.002496562184024267;0.0116340242669363;0.011146006066734075;0.006424823053589484;0.015957077856420625;0.0034225480283114258;0.0015337209302325582;0.004561021233569262;0.007149898887765419;0.005088372093023256;0.013563953488372093;0.008869160768452983;0.0016906471183013145;0.009722143579373104;0.00480540950455005;0.004317290192113246;0.00831820020222447;0.004463447927199191;0.0008326086956521739;0.004953993933265925;0.0029235085945399394;0.0008718907987866532;0.00163154701718908;0.014451415571284125;0.004336349848331648;0.01886567239635996;0.013245399393326593;0.011709403437815976;0.02418427704752275;0.005352376137512639;0.008556774519716885;0.0032143579373104148;0.0054837714863498485;0.011443528816986855;0.021420728008088977;0.006969716885743175;0.01073720930232558;0.0035387259858442872;0.007473053589484328;0.01347871587462083;0.022916279069767443;0.006228109201213347;0.01184196157735086;0.002784479271991911;0.005648432760364004;0.006308897876643074;0.00770262891809909;0.0009853892821031344;0.001372901921132457;0.001870525783619818;0.0039448432760364;0.002343225480283114;0.004924014155712841;0.012164459049544996;0.017569110212335693;0.006455611729019211;0.010874519716885743;0.016251011122345803;0.030108847320525784
0.017387360970677453;0.010586450960566228;0.010765166835187058;0.0034061678463094035;0.011701617795753285;0.006233468149646107;0.006105864509605662;0.004918857431749242;0.0050605662285136506;0.0013880687563195147;0.0015667846309403437;0.0005232558139534884;0.007885136501516683;0.0067759352881698685;0.006823003033367038;0.0025112234580384227;0.010362082912032356;0.003790546006066734;0.021195449949443883;0.01041092012133468;0.013743629929221436;0.003477047522750253;0.013791607684529828;0.007126086956521739;0.02123149646107179;0.010679322548028312;0.012992669362992922;0.004032912032355915;0.01154772497472194;0.0067218907987866535;0.014532760364004044;0.007048382204246714;0.01198200202224469;0.01849201213346815;0.0036522244691607683;0.01158933265925177;0.002576086956521739;0.0007059656218402426;0.005887664307381193;0.007605409504550051;0.0008067745197168857;0.0039248230535894844;0.011800808897876642;0.0041125884732052575;0.007424266936299292;0.011396865520728008;0.001765520728008089;0.008828614762386248;0.009119919110212336;0.004440647118301315;0.006723862487360971;0.006567340748230536;0.0017429726996966632;0.005893731041456016;0.016856420626895855;0.008346511627906977;0.014269110212335692;0.021504095045500507;0.0034461071789686553;0.013136552072800808;0.008612133468149647;0.014161729019211325;0.007993225480283115;0.012959656218402426;0.024512285136501517;0.013869160768452982;0.0009539939332659251;0.004771587462082912;0.000980030333670374;0.0028540444893832154;0.011272548028311426;0.006964256825075834;0.005758746208291203;0.009778564206268959;0.004013498483316481;0.003870778564206269;0.016038574317492418;0.005744337714863499;0.0028446916076845298;0.004475176946410516;0.0012806875631951465;0.0007157229524772498;0.0029263902932254804;0.0005179979777553084;0.007064105156723964;0.010615369059656219;0.0065755813953488375;0.00873427704752275;0.023485591506572295;0.012824469160768452;0.018909453993933265;0.010806572295247724;0.01209180990899899;0.0021616279069767443;0.014532457027300303;0.00833427704752275;0.022938776541961577;0.012854347826086956;0.013772345803842265;0.0024172901921132458;0.01540278058645096;0.007409706774519717;0.013221536905965621;0.0065641051567239634;0.00904489383215369;0.0071062689585439836;0.0023380182002022245;0.0032395348837209303;0.0022082912032355914;0.0004911021233569262;0.0037558139534883722;0.001493174924165824;0.0008046006066734075;0.0013277047522750253;0.022535793731041455;0.010666177957532861;0.012428463094034378;0.0037935793731041457;0.011544944388270981;0.007713650151668352
0.010181951466127402;0.008855915065722952;0.010309049544994944;0.004709150657229525;0.00930020222446916;0.008366127401415572;0.006628665318503539;0.006460717896865521;0.0057061172901921135;0.002231850353892821;0.003278159757330637;0.0014675429726996967;0.00777891809908999;0.005821991911021234;0.008851567239635996;0.004705409504550051;0.008215672396359959;0.0059295247724974725;0.013083316481294236;0.009562082912032355;0.01369494438827098;0.006525581395348837;0.01145010111223458;0.011688523761375127;0.01332639029322548;0.010816734074823054;0.013985642062689586;0.007192517694641052;0.010462790697674418;0.011311627906976745;0.01103953488372093;0.00884716885743175;0.0086237108190091;0.012793680485338726;0.004747623862487361;0.010048432760364004;0.005091405460060668;0.002349797775530839;0.005826693629929222;0.008540343781597574;0.002277654196157735;0.004717795753286147;0.009778008088978767;0.007345146612740142;0.006157178968655207;0.008735288169868554;0.004438068756319515;0.008962032355915067;0.008596410515672396;0.008482760364004045;0.005715925176946411;0.004928564206268958;0.0037414054600606672;0.006037158746208291;0.013831294236602629;0.01304206268958544;0.011722901921132458;0.014740141557128413;0.007181698685540951;0.012303437815975734;0.007529676440849343;0.010984630940343782;0.008467290192113246;0.011443629929221436;0.01761294236602629;0.012672750252780586;0.00313149646107179;0.005727755308392315;0.00362896865520728;0.004924469160768453;0.010944236602628919;0.0081314459049545;0.007964914054600607;0.007314004044489383;0.005697623862487361;0.0037176946410515674;0.010469716885743175;0.00580273003033367;0.005001263902932255;0.004920728008088978;0.0031524266936299294;0.0032408493427704753;0.0038798281092012133;0.0019235085945399394;0.008830485338725986;0.009217694641051568;0.009649747219413548;0.010464105156723963;0.016619817997977755;0.013584327603640041;0.013900808897876643;0.009776845298281092;0.012970728008088978;0.005275480283114257;0.012717087967644085;0.010900808897876643;0.014556066734074823;0.010416582406471184;0.013741152679474216;0.005144893832153691;0.011166582406471183;0.009030283114256825;0.011429777553083923;0.007965925176946411;0.008433670374115267;0.008230333670374115;0.004534529828109201;0.004174317492416583;0.003172649140546006;0.0014043478260869565;0.0062021739130434786;0.00404464105156724;0.003493478260869565;0.004238119312436805;0.016038270980788676;0.011511830131445905;0.014098887765419616;0.007184681496461072;0.012374974721941354;0.012677199191102124
0.008517542972699696;0.00983412537917088;0.00959772497472194;0.00487366026289181;0.009590040444893833;0.00927912032355915;0.005891304347826087;0.00816046511627907;0.0042211324570273;0.002294438827098079;0.006111779575328615;0.003147876643073812;0.00891016177957533;0.005959656218402427;0.009303690596562183;0.004789079878665318;0.007657532861476238;0.006032406471183013;0.009908847320525783;0.01137340748230536;0.01293923154701719;0.007375985844287159;0.012742315470171892;0.011374317492416582;0.010642719919110212;0.011262184024266937;0.012269868554095046;0.006431041456016178;0.0114974216380182;0.010989585439838221;0.010028513650151668;0.009291557128412538;0.008311981799797776;0.00888139534883721;0.00608407482305359;0.009510212335692618;0.0066128412537917085;0.0031341759352881697;0.007535793731041456;0.00842103134479272;0.0031699191102123356;0.006307583417593529;0.010016380182002023;0.007453640040444894;0.007566936299292214;0.00879994944388271;0.005475126390293225;0.010066380182002023;0.010264408493427704;0.008741304347826087;0.0068529322548028316;0.004905662285136501;0.004671486349848332;0.005795601617795753;0.01390015166835187;0.011662639029322549;0.011011425682507583;0.011183417593528817;0.0069583923154701716;0.01109474216380182;0.007832608695652174;0.00868164812942366;0.00957618806875632;0.011403690596562184;0.011713397371081902;0.014560111223458039;0.0032190091001011124;0.006464307381193125;0.00433675429726997;0.007377148634984833;0.010012639029322548;0.01255005055611729;0.007954752275025278;0.006716228513650151;0.007606370070778564;0.006069767441860465;0.009540495449949444;0.008473306370070778;0.006258493427704752;0.005428412537917088;0.004109757330637007;0.003388624873609707;0.005095551061678463;0.0033649140546006067;0.008007735085945399;0.008433164812942366;0.009083164812942366;0.009145904954499495;0.012370879676440849;0.013374165824064713;0.007880434782608695;0.011258139534883721;0.010069868554095045;0.0066526794742163805;0.013371587462082913;0.014198078867542973;0.00894757330637007;0.011082709807886754;0.011463599595551061;0.0067691102123356925;0.012616986855409504;0.011866127401415572;0.009234934277047522;0.009562335692618808;0.007297775530839231;0.006687563195146613;0.007414509605662285;0.005683417593528817;0.0036822548028311425;0.0024146107178968654;0.006345045500505561;0.004173458038422649;0.0031362487360970677;0.005160616784630941;0.009788169868554094;0.011347573306370071;0.011508897876643075;0.007211931243680485;0.011153842264914055;0.013182355915065723
0.007452780586450961;0.007438321536905965;0.007442214357937311;0.006724772497472194;0.008690141557128413;0.010183063700707786;0.005795551061678463;0.0060496461071789685;0.005050556117290192;0.004436248736097068;0.004160111223458039;0.0039069261880687566;0.009013650151668351;0.005022042467138524;0.009081445904954499;0.006756825075834176;0.006148028311425683;0.008153185035389282;0.009179676440849343;0.009406723963599595;0.009676794742163802;0.010735338725985845;0.011641456016177958;0.015406319514661274;0.010006066734074823;0.010918756319514661;0.010104448938321537;0.01091036400404449;0.011579322548028311;0.01569509605662285;0.008480738119312436;0.009615369059656218;0.006625581395348837;0.008735540950455005;0.00649489383215369;0.00811051567239636;0.00488675429726997;0.005123356926188069;0.0048944388270980785;0.006493124368048534;0.005736198179979777;0.005440647118301315;0.008141557128412538;0.010416380182002022;0.005862639029322548;0.0071550556117290194;0.007898331648129423;0.00805819009100101;0.008458341759352882;0.010949140546006066;0.004998432760364004;0.004722750252780587;0.006852123356926188;0.004803185035389282;0.013487209302325581;0.01714464105156724;0.009303640040444894;0.011002325581395349;0.010282355915065723;0.011331092012133469;0.007542719919110212;0.00669747219413549;0.009116632962588474;0.009806268958543984;0.010266734074823054;0.013123862487360971;0.006106875631951466;0.005046410515672397;0.006093528816986856;0.006733114256825076;0.007840798786653185;0.010620626895854399;0.009537765419615773;0.005709049544994944;0.007662386248736097;0.005134782608695652;0.006309858442871587;0.007730889787664307;0.007044539939332659;0.0043180990899898885;0.00537644084934277;0.0049813953488372096;0.004005915065722953;0.004846006066734075;0.012062234580384227;0.006906218402426694;0.013189079878665319;0.010035540950455005;0.010802325581395348;0.015341658240647118;0.008339686552072801;0.008445500505561173;0.007710768452982811;0.008853437815975734;0.01058179979777553;0.013867239635995956;0.00900813953488372;0.00915788675429727;0.008632608695652175;0.009723003033367037;0.010117290192113246;0.012907381193124368;0.0075001011122345805;0.008554954499494439;0.0064015166835187055;0.008639989888776543;0.006520728008088979;0.007322800808897877;0.003478159757330637;0.003996966632962589;0.004744843276036401;0.006089787664307381;0.004595702730030334;0.00583417593528817;0.010702022244691608;0.011795652173913044;0.009324671385237614;0.010781193124368049;0.012016177957532861;0.016096157735085947
0.012429625884732053;0.007648028311425682;0.011998887765419616;0.004118048533872599;0.009135035389282103;0.007734529828109201;0.006999646107178969;0.005300808897876643;0.005224064711830132;0.0015950455005055613;0.002582608695652174;0.0008441354903943377;0.009889737108190091;0.00631845298281092;0.011863902932254804;0.004389231547017189;0.007330080889787665;0.005356218402426694;0.014993983822042468;0.00785237613751264;0.016761678463094034;0.005571284125379171;0.01062613751263903;0.01312613751263903;0.01466309403437816;0.009275075834175936;0.01623973710819009;0.006224873609706774;0.010116936299292214;0.012424418604651162;0.010096511627906977;0.007420677451971689;0.008430889787664307;0.013308291203235591;0.0037117290192113244;0.011092972699696663;0.004244893832153691;0.0014351365015166835;0.006122649140546006;0.009398786653185035;0.0014603640040444894;0.005020273003033367;0.00933185035389282;0.006883063700707785;0.00564989888776542;0.010039029322548028;0.004209352881698686;0.013727300303336704;0.00812340748230536;0.008246359959555105;0.00496056622851365;0.006346258847320526;0.0031893832153690595;0.007845652173913044;0.014158291203235591;0.013430131445904955;0.010544186046511628;0.01511071789686552;0.006730384226491405;0.014880080889787664;0.006899848331648129;0.010816885743174924;0.007297724974721941;0.0098366026289181;0.019408139534883722;0.011783720930232559;0.002476643073811931;0.008291658240647119;0.002496612740141557;0.0042032355915065725;0.013943124368048534;0.008222851365015167;0.007213650151668352;0.008587462082912032;0.0049164307381193125;0.003436552072800809;0.011628109201213347;0.005492618806875632;0.00420803842264914;0.007326137512639029;0.002380637007077856;0.0017675429726996966;0.0050485338725985845;0.001214206268958544;0.007937967644084934;0.00985030333670374;0.010306420626895855;0.009537259858442872;0.016891152679474216;0.013069565217391305;0.014075126390293225;0.007335793731041456;0.015579828109201213;0.004330889787664307;0.011437512639029323;0.010462082912032355;0.015376895854398382;0.007699696663296259;0.01653473205257836;0.005021739130434783;0.010384580384226492;0.01026612740141557;0.011982659251769464;0.006900556117290192;0.00764469160768453;0.0071293731041456015;0.0036343276036400404;0.004907431749241659;0.0034235085945399394;0.0010383720930232558;0.007807280080889788;0.002902932254802831;0.0016398382204246714;0.002756572295247725;0.015157583417593528;0.00961587462082912;0.014952275025278058;0.0062614762386248735;0.010698432760364003;0.012769261880687563
0.019774772497472195;0.016285187057633974;0.012354802831142568;0.009791354903943377;0.01308174924165824;0.012721638018200202;0.012928311425682508;0.009714812942366027;0.007493377148634985;0.005458341759352882;0.00565793731041456;0.005239888776541962;0.007584074823053589;0.0059850859453993936;0.00731582406471183;0.00594479271991911;0.007435692618806875;0.007164610717896865;0.009332052578361982;0.009037158746208291;0.006433822042467139;0.005894843276036401;0.009500202224469161;0.00862087967644085;0.015898685540950454;0.013184883720930232;0.009159605662285136;0.007183417593528817;0.009769160768452982;0.008978614762386249;0.013347724974721942;0.010376592517694641;0.010038725985844286;0.008996107178968656;0.006409100101112235;0.007648179979777553;0.005983670374115268;0.004171334681496461;0.007064105156723964;0.006661223458038422;0.003901820020222447;0.005575429726996967;0.006263751263902932;0.005790748230535895;0.0048944388270980785;0.006071435793731042;0.004588321536905965;0.00610510616784631;0.009869261880687564;0.007217138523761375;0.006077350859453994;0.004701668351870576;0.004112234580384226;0.004489686552072801;0.01144989888776542;0.008416279069767442;0.009345348837209302;0.009232153690596562;0.005814459049544995;0.007289332659251769;0.007826996966632962;0.006255510616784631;0.009694337714863499;0.009690546006066733;0.009961931243680486;0.013066835187057634;0.0039142568250758345;0.004589079878665319;0.0049625884732052575;0.006391759352881699;0.008261476238624874;0.0102;0.005745096056622851;0.004912335692618807;0.006003235591506572;0.004831900910010112;0.006312891809908999;0.006230940343781598;0.005345045500505561;0.004247017189079879;0.005881243680485339;0.005967138523761375;0.004618705763397371;0.005645551061678463;0.0069154196157735085;0.006017795753286147;0.008017037411526795;0.008822446916076846;0.010370728008088978;0.013304044489383215;0.009683822042467139;0.010352780586450961;0.00848185035389282;0.010439838220424671;0.013830485338725986;0.017070576339737107;0.009080535894843277;0.009440192113245703;0.006762032355915066;0.00613680485338726;0.010175227502527806;0.009300455005055611;0.0075006572295247724;0.00718154701718908;0.006177654196157735;0.006688169868554095;0.00665778564206269;0.007312133468149646;0.005267947421638018;0.005372750252780586;0.006356673407482305;0.007583822042467139;0.009787563195146613;0.011916430738119313;0.012411223458038422;0.012331951466127401;0.01000232558139535;0.011169565217391304;0.016385743174924167;0.018309352881698687
0.00871324570273003;0.01009474216380182;0.006575429726996967;0.007861375126390293;0.009669211324570272;0.017327654196157734;0.005631951466127401;0.006302173913043478;0.004046359959555106;0.0033107178968655206;0.0021387765419615774;0.0025632962588473204;0.004472497472194135;0.0038811931243680486;0.007570626895854398;0.007385743174924166;0.0063144590495449945;0.01238705763397371;0.00659732052578362;0.011854954499494438;0.004882760364004045;0.008856926188068756;0.012270121334681496;0.022619716885743175;0.00905237613751264;0.01277098078867543;0.006481445904954499;0.009970020222446916;0.011982355915065723;0.022285085945399394;0.009909908998988878;0.015630131445904954;0.00762366026289181;0.005753235591506573;0.009093832153690596;0.0064513144590495446;0.0027812436804853387;0.003376541961577351;0.0044297775530839235;0.003599696663296259;0.0037793225480283114;0.0030706774519716888;0.006675126390293226;0.015014711830131446;0.004466380182002023;0.004520374115267948;0.008708645096056624;0.005716430738119313;0.005988422649140546;0.008388473205257835;0.004413902932254803;0.0025569767441860464;0.004168200202224469;0.0024669868554095045;0.013270323559150657;0.023777856420626894;0.01159186046511628;0.009609858442871587;0.01623695652173913;0.011493377148634985;0.00806820020222447;0.004570879676440849;0.014349039433771487;0.011993629929221436;0.006673458038422649;0.012393276036400405;0.004275530839231547;0.0032429221435793733;0.006816329625884732;0.007990242669362994;0.005169261880687563;0.009045854398382205;0.00499216380182002;0.003060819009100101;0.008153488372093023;0.006593326592517695;0.004441102123356926;0.00807128412537917;0.00407881698685541;0.002587866531850354;0.006223053589484328;0.005264762386248736;0.0024096056622851364;0.0033234580384226492;0.011794034378159757;0.006396562184024267;0.02012123356926188;0.016314155712841255;0.009161122345803843;0.017128311425682507;0.005808341759352882;0.008991911021233569;0.00515520728008089;0.007885389282103134;0.010135338725985845;0.01730247724974722;0.0059374115267947425;0.010288624873609707;0.004904752275025278;0.008780434782608695;0.010420171890798786;0.01890717896865521;0.005642922143579373;0.012431294236602629;0.0038593023255813954;0.004958442871587462;0.006802881698685541;0.005430030333670374;0.002260768452982811;0.0026356420626895854;0.00389732052578362;0.00580010111223458;0.005337866531850354;0.008774570273003034;0.009021486349848331;0.015204954499494439;0.00791056622851365;0.011689635995955511;0.014081344792719918;0.02460505561172902
